   10,      0.009364,      0.004558,      0.000143,      0.042174
   15,      0.013165,      0.005371,      0.000377,      0.059731
   20,      0.016942,      0.006721,      0.000716,      0.077840
   25,      0.022410,      0.008224,      0.001176,      0.103015
   30,      0.030359,      0.009842,      0.001763,      0.137691
   35,      0.040601,      0.012164,      0.002501,      0.182014
   40,      0.053914,      0.015196,      0.003361,      0.236932
   45,      0.070481,      0.020408,      0.004383,      0.303344
   50,      0.092504,      0.026248,      0.005601,      0.384521
   55,      0.115084,      0.031909,      0.007124,      0.453292
   60,      0.141999,      0.040037,      0.009526,      0.531888
   65,      0.197713,      0.196092,      0.038321,      1.792670
   70,     24.927738,    331.652679,     47.261990,   7812.886719
   75, *************, *************, *************, *************
   80, *************,           NaN,           NaN,           NaN
   85,           NaN,           NaN,           NaN,           NaN
   90,           NaN,           NaN,           NaN,           NaN
   95,           NaN,           NaN,           NaN,           NaN
  100,           NaN,           NaN,           NaN,           NaN
  105,           NaN,           NaN,           NaN,           NaN
  110,           NaN,           NaN,           NaN,           NaN
  115,           NaN,           NaN,           NaN,           NaN
  120,           NaN,           NaN,           NaN,           NaN
  125,           NaN,           NaN,           NaN,           NaN
  130,           NaN,           NaN,           NaN,           NaN
  135,           NaN,           NaN,           NaN,           NaN
  140,           NaN,           NaN,           NaN,           NaN
  145,           NaN,           NaN,           NaN,           NaN
  150,           NaN,           NaN,           NaN,           NaN
  155,           NaN,           NaN,           NaN,           NaN
  160,           NaN,           NaN,           NaN,           NaN
  165,           NaN,           NaN,           NaN,           NaN
  170,           NaN,           NaN,           NaN,           NaN
  175,           NaN,           NaN,           NaN,           NaN
  180,           NaN,           NaN,           NaN,           NaN
  185,           NaN,           NaN,           NaN,           NaN
  190,           NaN,           NaN,           NaN,           NaN
  195,           NaN,           NaN,           NaN,           NaN
  200,           NaN,           NaN,           NaN,           NaN
  205,           NaN,           NaN,           NaN,           NaN
  210,           NaN,           NaN,           NaN,           NaN
  215,           NaN,           NaN,           NaN,           NaN
  220,           NaN,           NaN,           NaN,           NaN
  225,           NaN,           NaN,           NaN,           NaN
  230,           NaN,           NaN,           NaN,           NaN
  235,           NaN,           NaN,           NaN,           NaN
  240,           NaN,           NaN,           NaN,           NaN
  245,           NaN,           NaN,           NaN,           NaN
  250,           NaN,           NaN,           NaN,           NaN
  255,           NaN,           NaN,           NaN,           NaN
  260,           NaN,           NaN,           NaN,           NaN
  265,           NaN,           NaN,           NaN,           NaN
  270,           NaN,           NaN,           NaN,           NaN
  275,           NaN,           NaN,           NaN,           NaN
  280,           NaN,           NaN,           NaN,           NaN
  285,           NaN,           NaN,           NaN,           NaN
  290,           NaN,           NaN,           NaN,           NaN
  295,           NaN,           NaN,           NaN,           NaN
  300,           NaN,           NaN,           NaN,           NaN
  305,           NaN,           NaN,           NaN,           NaN
  310,           NaN,           NaN,           NaN,           NaN
  315,           NaN,           NaN,           NaN,           NaN
  320,           NaN,           NaN,           NaN,           NaN
  325,           NaN,           NaN,           NaN,           NaN
  330,           NaN,           NaN,           NaN,           NaN
  335,           NaN,           NaN,           NaN,           NaN
  340,           NaN,           NaN,           NaN,           NaN
  345,           NaN,           NaN,           NaN,           NaN
  350,           NaN,           NaN,           NaN,           NaN
  355,           NaN,           NaN,           NaN,           NaN
  360,           NaN,           NaN,           NaN,           NaN
  365,           NaN,           NaN,           NaN,           NaN
  370,           NaN,           NaN,           NaN,           NaN
  375,           NaN,           NaN,           NaN,           NaN
  380,           NaN,           NaN,           NaN,           NaN
  385,           NaN,           NaN,           NaN,           NaN
  390,           NaN,           NaN,           NaN,           NaN
  395,           NaN,           NaN,           NaN,           NaN
  400,           NaN,           NaN,           NaN,           NaN
  405,           NaN,           NaN,           NaN,           NaN
  410,           NaN,           NaN,           NaN,           NaN
  415,           NaN,           NaN,           NaN,           NaN
  420,           NaN,           NaN,           NaN,           NaN
  425,           NaN,           NaN,           NaN,           NaN
  430,           NaN,           NaN,           NaN,           NaN
  435,           NaN,           NaN,           NaN,           NaN
  440,           NaN,           NaN,           NaN,           NaN
  445,           NaN,           NaN,           NaN,           NaN
  450,           NaN,           NaN,           NaN,           NaN
  455,           NaN,           NaN,           NaN,           NaN
  460,           NaN,           NaN,           NaN,           NaN
  465,           NaN,           NaN,           NaN,           NaN
  470,           NaN,           NaN,           NaN,           NaN
  475,           NaN,           NaN,           NaN,           NaN
  480,           NaN,           NaN,           NaN,           NaN
  485,           NaN,           NaN,           NaN,           NaN
  490,           NaN,           NaN,           NaN,           NaN
  495,           NaN,           NaN,           NaN,           NaN
  500,           NaN,           NaN,           NaN,           NaN
  505,           NaN,           NaN,           NaN,           NaN
  510,           NaN,           NaN,           NaN,           NaN
  515,           NaN,           NaN,           NaN,           NaN
  520,           NaN,           NaN,           NaN,           NaN
  525,           NaN,           NaN,           NaN,           NaN
  530,           NaN,           NaN,           NaN,           NaN
  535,           NaN,           NaN,           NaN,           NaN
  540,           NaN,           NaN,           NaN,           NaN
  545,           NaN,           NaN,           NaN,           NaN
  550,           NaN,           NaN,           NaN,           NaN
  555,           NaN,           NaN,           NaN,           NaN
  560,           NaN,           NaN,           NaN,           NaN
  565,           NaN,           NaN,           NaN,           NaN
  570,           NaN,           NaN,           NaN,           NaN
  575,           NaN,           NaN,           NaN,           NaN
  580,           NaN,           NaN,           NaN,           NaN
  585,           NaN,           NaN,           NaN,           NaN
  590,           NaN,           NaN,           NaN,           NaN
  595,           NaN,           NaN,           NaN,           NaN
  600,           NaN,           NaN,           NaN,           NaN
  605,           NaN,           NaN,           NaN,           NaN
  610,           NaN,           NaN,           NaN,           NaN
  615,           NaN,           NaN,           NaN,           NaN
  620,           NaN,           NaN,           NaN,           NaN
  625,           NaN,           NaN,           NaN,           NaN
  630,           NaN,           NaN,           NaN,           NaN
  635,           NaN,           NaN,           NaN,           NaN
  640,           NaN,           NaN,           NaN,           NaN
  645,           NaN,           NaN,           NaN,           NaN
  650,           NaN,           NaN,           NaN,           NaN
  655,           NaN,           NaN,           NaN,           NaN
  660,           NaN,           NaN,           NaN,           NaN
  665,           NaN,           NaN,           NaN,           NaN
  670,           NaN,           NaN,           NaN,           NaN
  675,           NaN,           NaN,           NaN,           NaN
  680,           NaN,           NaN,           NaN,           NaN
  685,           NaN,           NaN,           NaN,           NaN
  690,           NaN,           NaN,           NaN,           NaN
  695,           NaN,           NaN,           NaN,           NaN
  700,           NaN,           NaN,           NaN,           NaN
  705,           NaN,           NaN,           NaN,           NaN
  710,           NaN,           NaN,           NaN,           NaN
  715,           NaN,           NaN,           NaN,           NaN
  720,           NaN,           NaN,           NaN,           NaN
  725,           NaN,           NaN,           NaN,           NaN
  730,           NaN,           NaN,           NaN,           NaN
  735,           NaN,           NaN,           NaN,           NaN
  740,           NaN,           NaN,           NaN,           NaN
  745,           NaN,           NaN,           NaN,           NaN
  750,           NaN,           NaN,           NaN,           NaN
  755,           NaN,           NaN,           NaN,           NaN
  760,           NaN,           NaN,           NaN,           NaN
  765,           NaN,           NaN,           NaN,           NaN
  770,           NaN,           NaN,           NaN,           NaN
  775,           NaN,           NaN,           NaN,           NaN
  780,           NaN,           NaN,           NaN,           NaN
  785,           NaN,           NaN,           NaN,           NaN
  790,           NaN,           NaN,           NaN,           NaN
  795,           NaN,           NaN,           NaN,           NaN
  800,           NaN,           NaN,           NaN,           NaN
  805,           NaN,           NaN,           NaN,           NaN
  810,           NaN,           NaN,           NaN,           NaN
  815,           NaN,           NaN,           NaN,           NaN
  820,           NaN,           NaN,           NaN,           NaN
  825,           NaN,           NaN,           NaN,           NaN
  830,           NaN,           NaN,           NaN,           NaN
  835,           NaN,           NaN,           NaN,           NaN
  840,           NaN,           NaN,           NaN,           NaN
  845,           NaN,           NaN,           NaN,           NaN
  850,           NaN,           NaN,           NaN,           NaN
  855,           NaN,           NaN,           NaN,           NaN
  860,           NaN,           NaN,           NaN,           NaN
  865,           NaN,           NaN,           NaN,           NaN
  870,           NaN,           NaN,           NaN,           NaN
  875,           NaN,           NaN,           NaN,           NaN
  880,           NaN,           NaN,           NaN,           NaN
  885,           NaN,           NaN,           NaN,           NaN
  890,           NaN,           NaN,           NaN,           NaN
  895,           NaN,           NaN,           NaN,           NaN
  900,           NaN,           NaN,           NaN,           NaN
  905,           NaN,           NaN,           NaN,           NaN
  910,           NaN,           NaN,           NaN,           NaN
  915,           NaN,           NaN,           NaN,           NaN
  920,           NaN,           NaN,           NaN,           NaN
  925,           NaN,           NaN,           NaN,           NaN
  930,           NaN,           NaN,           NaN,           NaN
  935,           NaN,           NaN,           NaN,           NaN
  940,           NaN,           NaN,           NaN,           NaN
  945,           NaN,           NaN,           NaN,           NaN
  950,           NaN,           NaN,           NaN,           NaN
  955,           NaN,           NaN,           NaN,           NaN
  960,           NaN,           NaN,           NaN,           NaN
  965,           NaN,           NaN,           NaN,           NaN
  970,           NaN,           NaN,           NaN,           NaN
  975,           NaN,           NaN,           NaN,           NaN
  980,           NaN,           NaN,           NaN,           NaN
  985,           NaN,           NaN,           NaN,           NaN
  990,           NaN,           NaN,           NaN,           NaN
  995,           NaN,           NaN,           NaN,           NaN
 1000,           NaN,           NaN,           NaN,           NaN
 1005,           NaN,           NaN,           NaN,           NaN
 1010,           NaN,           NaN,           NaN,           NaN
 1015,           NaN,           NaN,           NaN,           NaN
 1020,           NaN,           NaN,           NaN,           NaN
 1025,           NaN,           NaN,           NaN,           NaN
 1030,           NaN,           NaN,           NaN,           NaN
 1035,           NaN,           NaN,           NaN,           NaN
 1040,           NaN,           NaN,           NaN,           NaN
 1045,           NaN,           NaN,           NaN,           NaN
 1050,           NaN,           NaN,           NaN,           NaN
 1055,           NaN,           NaN,           NaN,           NaN
 1060,           NaN,           NaN,           NaN,           NaN
 1065,           NaN,           NaN,           NaN,           NaN
 1070,           NaN,           NaN,           NaN,           NaN
 1075,           NaN,           NaN,           NaN,           NaN
 1080,           NaN,           NaN,           NaN,           NaN
 1085,           NaN,           NaN,           NaN,           NaN
 1090,           NaN,           NaN,           NaN,           NaN
 1095,           NaN,           NaN,           NaN,           NaN
 1100,           NaN,           NaN,           NaN,           NaN
 1105,           NaN,           NaN,           NaN,           NaN
 1110,           NaN,           NaN,           NaN,           NaN
 1115,           NaN,           NaN,           NaN,           NaN
 1120,           NaN,           NaN,           NaN,           NaN
 1125,           NaN,           NaN,           NaN,           NaN
 1130,           NaN,           NaN,           NaN,           NaN
 1135,           NaN,           NaN,           NaN,           NaN
 1140,           NaN,           NaN,           NaN,           NaN
 1145,           NaN,           NaN,           NaN,           NaN
 1150,           NaN,           NaN,           NaN,           NaN
 1155,           NaN,           NaN,           NaN,           NaN
 1160,           NaN,           NaN,           NaN,           NaN
 1165,           NaN,           NaN,           NaN,           NaN
 1170,           NaN,           NaN,           NaN,           NaN
 1175,           NaN,           NaN,           NaN,           NaN
 1180,           NaN,           NaN,           NaN,           NaN
 1185,           NaN,           NaN,           NaN,           NaN
 1190,           NaN,           NaN,           NaN,           NaN
 1195,           NaN,           NaN,           NaN,           NaN
 1200,           NaN,           NaN,           NaN,           NaN
 1205,           NaN,           NaN,           NaN,           NaN
 1210,           NaN,           NaN,           NaN,           NaN
 1215,           NaN,           NaN,           NaN,           NaN
 1220,           NaN,           NaN,           NaN,           NaN
 1225,           NaN,           NaN,           NaN,           NaN
 1230,           NaN,           NaN,           NaN,           NaN
 1235,           NaN,           NaN,           NaN,           NaN
 1240,           NaN,           NaN,           NaN,           NaN
 1245,           NaN,           NaN,           NaN,           NaN
 1250,           NaN,           NaN,           NaN,           NaN
 1255,           NaN,           NaN,           NaN,           NaN
 1260,           NaN,           NaN,           NaN,           NaN
 1265,           NaN,           NaN,           NaN,           NaN
 1270,           NaN,           NaN,           NaN,           NaN
 1275,           NaN,           NaN,           NaN,           NaN
 1280,           NaN,           NaN,           NaN,           NaN
 1285,           NaN,           NaN,           NaN,           NaN
 1290,           NaN,           NaN,           NaN,           NaN
 1295,           NaN,           NaN,           NaN,           NaN
 1300,           NaN,           NaN,           NaN,           NaN
 1305,           NaN,           NaN,           NaN,           NaN
 1310,           NaN,           NaN,           NaN,           NaN
 1315,           NaN,           NaN,           NaN,           NaN
 1320,           NaN,           NaN,           NaN,           NaN
 1325,           NaN,           NaN,           NaN,           NaN
 1330,           NaN,           NaN,           NaN,           NaN
 1335,           NaN,           NaN,           NaN,           NaN
 1340,           NaN,           NaN,           NaN,           NaN
 1345,           NaN,           NaN,           NaN,           NaN
 1350,           NaN,           NaN,           NaN,           NaN
 1355,           NaN,           NaN,           NaN,           NaN
 1360,           NaN,           NaN,           NaN,           NaN
 1365,           NaN,           NaN,           NaN,           NaN
 1370,           NaN,           NaN,           NaN,           NaN
 1375,           NaN,           NaN,           NaN,           NaN
 1380,           NaN,           NaN,           NaN,           NaN
 1385,           NaN,           NaN,           NaN,           NaN
 1390,           NaN,           NaN,           NaN,           NaN
 1395,           NaN,           NaN,           NaN,           NaN
 1400,           NaN,           NaN,           NaN,           NaN
 1405,           NaN,           NaN,           NaN,           NaN
 1410,           NaN,           NaN,           NaN,           NaN
 1415,           NaN,           NaN,           NaN,           NaN
 1420,           NaN,           NaN,           NaN,           NaN
 1425,           NaN,           NaN,           NaN,           NaN
 1430,           NaN,           NaN,           NaN,           NaN
 1435,           NaN,           NaN,           NaN,           NaN
 1440,           NaN,           NaN,           NaN,           NaN
 1445,           NaN,           NaN,           NaN,           NaN
 1450,           NaN,           NaN,           NaN,           NaN
 1455,           NaN,           NaN,           NaN,           NaN
 1460,           NaN,           NaN,           NaN,           NaN
 1465,           NaN,           NaN,           NaN,           NaN
 1470,           NaN,           NaN,           NaN,           NaN
 1475,           NaN,           NaN,           NaN,           NaN
 1480,           NaN,           NaN,           NaN,           NaN
 1485,           NaN,           NaN,           NaN,           NaN
 1490,           NaN,           NaN,           NaN,           NaN
 1495,           NaN,           NaN,           NaN,           NaN
 1500,           NaN,           NaN,           NaN,           NaN
 1505,           NaN,           NaN,           NaN,           NaN
 1510,           NaN,           NaN,           NaN,           NaN
 1515,           NaN,           NaN,           NaN,           NaN
 1520,           NaN,           NaN,           NaN,           NaN
 1525,           NaN,           NaN,           NaN,           NaN
 1530,           NaN,           NaN,           NaN,           NaN
 1535,           NaN,           NaN,           NaN,           NaN
 1540,           NaN,           NaN,           NaN,           NaN
 1545,           NaN,           NaN,           NaN,           NaN
 1550,           NaN,           NaN,           NaN,           NaN
 1555,           NaN,           NaN,           NaN,           NaN
 1560,           NaN,           NaN,           NaN,           NaN
 1565,           NaN,           NaN,           NaN,           NaN
 1570,           NaN,           NaN,           NaN,           NaN
 1575,           NaN,           NaN,           NaN,           NaN
 1580,           NaN,           NaN,           NaN,           NaN
 1585,           NaN,           NaN,           NaN,           NaN
 1590,           NaN,           NaN,           NaN,           NaN
 1595,           NaN,           NaN,           NaN,           NaN
 1600,           NaN,           NaN,           NaN,           NaN
 1605,           NaN,           NaN,           NaN,           NaN
 1610,           NaN,           NaN,           NaN,           NaN
 1615,           NaN,           NaN,           NaN,           NaN
 1620,           NaN,           NaN,           NaN,           NaN
 1625,           NaN,           NaN,           NaN,           NaN
 1630,           NaN,           NaN,           NaN,           NaN
 1635,           NaN,           NaN,           NaN,           NaN
 1640,           NaN,           NaN,           NaN,           NaN
 1645,           NaN,           NaN,           NaN,           NaN
 1650,           NaN,           NaN,           NaN,           NaN
 1655,           NaN,           NaN,           NaN,           NaN
 1660,           NaN,           NaN,           NaN,           NaN
 1665,           NaN,           NaN,           NaN,           NaN
 1670,           NaN,           NaN,           NaN,           NaN
 1675,           NaN,           NaN,           NaN,           NaN
 1680,           NaN,           NaN,           NaN,           NaN
 1685,           NaN,           NaN,           NaN,           NaN
 1690,           NaN,           NaN,           NaN,           NaN
 1695,           NaN,           NaN,           NaN,           NaN
 1700,           NaN,           NaN,           NaN,           NaN
 1705,           NaN,           NaN,           NaN,           NaN
 1710,           NaN,           NaN,           NaN,           NaN
 1715,           NaN,           NaN,           NaN,           NaN
 1720,           NaN,           NaN,           NaN,           NaN
 1725,           NaN,           NaN,           NaN,           NaN
 1730,           NaN,           NaN,           NaN,           NaN
 1735,           NaN,           NaN,           NaN,           NaN
 1740,           NaN,           NaN,           NaN,           NaN
 1745,           NaN,           NaN,           NaN,           NaN
 1750,           NaN,           NaN,           NaN,           NaN
 1755,           NaN,           NaN,           NaN,           NaN
 1760,           NaN,           NaN,           NaN,           NaN
 1765,           NaN,           NaN,           NaN,           NaN
 1770,           NaN,           NaN,           NaN,           NaN
 1775,           NaN,           NaN,           NaN,           NaN
 1780,           NaN,           NaN,           NaN,           NaN
 1785,           NaN,           NaN,           NaN,           NaN
 1790,           NaN,           NaN,           NaN,           NaN
 1795,           NaN,           NaN,           NaN,           NaN
 1800,           NaN,           NaN,           NaN,           NaN
 1805,           NaN,           NaN,           NaN,           NaN
 1810,           NaN,           NaN,           NaN,           NaN
 1815,           NaN,           NaN,           NaN,           NaN
 1820,           NaN,           NaN,           NaN,           NaN
 1825,           NaN,           NaN,           NaN,           NaN
 1830,           NaN,           NaN,           NaN,           NaN
 1835,           NaN,           NaN,           NaN,           NaN
 1840,           NaN,           NaN,           NaN,           NaN
 1845,           NaN,           NaN,           NaN,           NaN
 1850,           NaN,           NaN,           NaN,           NaN
 1855,           NaN,           NaN,           NaN,           NaN
 1860,           NaN,           NaN,           NaN,           NaN
 1865,           NaN,           NaN,           NaN,           NaN
 1870,           NaN,           NaN,           NaN,           NaN
 1875,           NaN,           NaN,           NaN,           NaN
 1880,           NaN,           NaN,           NaN,           NaN
 1885,           NaN,           NaN,           NaN,           NaN
 1890,           NaN,           NaN,           NaN,           NaN
 1895,           NaN,           NaN,           NaN,           NaN
 1900,           NaN,           NaN,           NaN,           NaN
 1905,           NaN,           NaN,           NaN,           NaN
 1910,           NaN,           NaN,           NaN,           NaN
 1915,           NaN,           NaN,           NaN,           NaN
 1920,           NaN,           NaN,           NaN,           NaN
 1925,           NaN,           NaN,           NaN,           NaN
 1930,           NaN,           NaN,           NaN,           NaN
 1935,           NaN,           NaN,           NaN,           NaN
 1940,           NaN,           NaN,           NaN,           NaN
 1945,           NaN,           NaN,           NaN,           NaN
 1950,           NaN,           NaN,           NaN,           NaN
 1955,           NaN,           NaN,           NaN,           NaN
 1960,           NaN,           NaN,           NaN,           NaN
 1965,           NaN,           NaN,           NaN,           NaN
 1970,           NaN,           NaN,           NaN,           NaN
 1975,           NaN,           NaN,           NaN,           NaN
 1980,           NaN,           NaN,           NaN,           NaN
 1985,           NaN,           NaN,           NaN,           NaN
 1990,           NaN,           NaN,           NaN,           NaN
 1995,           NaN,           NaN,           NaN,           NaN
 2000,           NaN,           NaN,           NaN,           NaN
 2005,           NaN,           NaN,           NaN,           NaN
 2010,           NaN,           NaN,           NaN,           NaN
 2015,           NaN,           NaN,           NaN,           NaN
 2020,           NaN,           NaN,           NaN,           NaN
 2025,           NaN,           NaN,           NaN,           NaN
 2030,           NaN,           NaN,           NaN,           NaN
 2035,           NaN,           NaN,           NaN,           NaN
 2040,           NaN,           NaN,           NaN,           NaN
 2045,           NaN,           NaN,           NaN,           NaN
 2050,           NaN,           NaN,           NaN,           NaN
 2055,           NaN,           NaN,           NaN,           NaN
 2060,           NaN,           NaN,           NaN,           NaN
 2065,           NaN,           NaN,           NaN,           NaN
 2070,           NaN,           NaN,           NaN,           NaN
 2075,           NaN,           NaN,           NaN,           NaN
 2080,           NaN,           NaN,           NaN,           NaN
 2085,           NaN,           NaN,           NaN,           NaN
 2090,           NaN,           NaN,           NaN,           NaN
 2095,           NaN,           NaN,           NaN,           NaN
 2100,           NaN,           NaN,           NaN,           NaN
 2105,           NaN,           NaN,           NaN,           NaN
 2110,           NaN,           NaN,           NaN,           NaN
 2115,           NaN,           NaN,           NaN,           NaN
 2120,           NaN,           NaN,           NaN,           NaN
 2125,           NaN,           NaN,           NaN,           NaN
 2130,           NaN,           NaN,           NaN,           NaN
 2135,           NaN,           NaN,           NaN,           NaN
 2140,           NaN,           NaN,           NaN,           NaN
 2145,           NaN,           NaN,           NaN,           NaN
 2150,           NaN,           NaN,           NaN,           NaN
 2155,           NaN,           NaN,           NaN,           NaN
 2160,           NaN,           NaN,           NaN,           NaN
 2165,           NaN,           NaN,           NaN,           NaN
 2170,           NaN,           NaN,           NaN,           NaN
 2175,           NaN,           NaN,           NaN,           NaN
 2180,           NaN,           NaN,           NaN,           NaN
 2185,           NaN,           NaN,           NaN,           NaN
 2190,           NaN,           NaN,           NaN,           NaN
 2195,           NaN,           NaN,           NaN,           NaN
 2200,           NaN,           NaN,           NaN,           NaN
 2205,           NaN,           NaN,           NaN,           NaN
 2210,           NaN,           NaN,           NaN,           NaN
 2215,           NaN,           NaN,           NaN,           NaN
 2220,           NaN,           NaN,           NaN,           NaN
 2225,           NaN,           NaN,           NaN,           NaN
 2230,           NaN,           NaN,           NaN,           NaN
 2235,           NaN,           NaN,           NaN,           NaN
 2240,           NaN,           NaN,           NaN,           NaN
 2245,           NaN,           NaN,           NaN,           NaN
 2250,           NaN,           NaN,           NaN,           NaN
 2255,           NaN,           NaN,           NaN,           NaN
 2260,           NaN,           NaN,           NaN,           NaN
 2265,           NaN,           NaN,           NaN,           NaN
 2270,           NaN,           NaN,           NaN,           NaN
 2275,           NaN,           NaN,           NaN,           NaN
 2280,           NaN,           NaN,           NaN,           NaN
 2285,           NaN,           NaN,           NaN,           NaN
 2290,           NaN,           NaN,           NaN,           NaN
 2295,           NaN,           NaN,           NaN,           NaN
 2300,           NaN,           NaN,           NaN,           NaN
 2305,           NaN,           NaN,           NaN,           NaN
 2310,           NaN,           NaN,           NaN,           NaN
 2315,           NaN,           NaN,           NaN,           NaN
 2320,           NaN,           NaN,           NaN,           NaN
 2325,           NaN,           NaN,           NaN,           NaN
 2330,           NaN,           NaN,           NaN,           NaN
 2335,           NaN,           NaN,           NaN,           NaN
 2340,           NaN,           NaN,           NaN,           NaN
 2345,           NaN,           NaN,           NaN,           NaN
 2350,           NaN,           NaN,           NaN,           NaN
 2355,           NaN,           NaN,           NaN,           NaN
 2360,           NaN,           NaN,           NaN,           NaN
 2365,           NaN,           NaN,           NaN,           NaN
 2370,           NaN,           NaN,           NaN,           NaN
 2375,           NaN,           NaN,           NaN,           NaN
 2380,           NaN,           NaN,           NaN,           NaN
 2385,           NaN,           NaN,           NaN,           NaN
 2390,           NaN,           NaN,           NaN,           NaN
 2395,           NaN,           NaN,           NaN,           NaN
 2400,           NaN,           NaN,           NaN,           NaN
 2405,           NaN,           NaN,           NaN,           NaN
 2410,           NaN,           NaN,           NaN,           NaN
 2415,           NaN,           NaN,           NaN,           NaN
 2420,           NaN,           NaN,           NaN,           NaN
 2425,           NaN,           NaN,           NaN,           NaN
 2430,           NaN,           NaN,           NaN,           NaN
 2435,           NaN,           NaN,           NaN,           NaN
 2440,           NaN,           NaN,           NaN,           NaN
 2445,           NaN,           NaN,           NaN,           NaN
 2450,           NaN,           NaN,           NaN,           NaN
 2455,           NaN,           NaN,           NaN,           NaN
 2460,           NaN,           NaN,           NaN,           NaN
 2465,           NaN,           NaN,           NaN,           NaN
 2470,           NaN,           NaN,           NaN,           NaN
 2475,           NaN,           NaN,           NaN,           NaN
 2480,           NaN,           NaN,           NaN,           NaN
 2485,           NaN,           NaN,           NaN,           NaN
 2490,           NaN,           NaN,           NaN,           NaN
 2495,           NaN,           NaN,           NaN,           NaN
 2500,           NaN,           NaN,           NaN,           NaN
 2505,           NaN,           NaN,           NaN,           NaN
 2510,           NaN,           NaN,           NaN,           NaN
 2515,           NaN,           NaN,           NaN,           NaN
 2520,           NaN,           NaN,           NaN,           NaN
 2525,           NaN,           NaN,           NaN,           NaN
 2530,           NaN,           NaN,           NaN,           NaN
 2535,           NaN,           NaN,           NaN,           NaN
 2540,           NaN,           NaN,           NaN,           NaN
 2545,           NaN,           NaN,           NaN,           NaN
 2550,           NaN,           NaN,           NaN,           NaN
 2555,           NaN,           NaN,           NaN,           NaN
 2560,           NaN,           NaN,           NaN,           NaN
 2565,           NaN,           NaN,           NaN,           NaN
 2570,           NaN,           NaN,           NaN,           NaN
 2575,           NaN,           NaN,           NaN,           NaN
 2580,           NaN,           NaN,           NaN,           NaN
 2585,           NaN,           NaN,           NaN,           NaN
 2590,           NaN,           NaN,           NaN,           NaN
 2595,           NaN,           NaN,           NaN,           NaN
 2600,           NaN,           NaN,           NaN,           NaN
 2605,           NaN,           NaN,           NaN,           NaN
 2610,           NaN,           NaN,           NaN,           NaN
 2615,           NaN,           NaN,           NaN,           NaN
 2620,           NaN,           NaN,           NaN,           NaN
 2625,           NaN,           NaN,           NaN,           NaN
 2630,           NaN,           NaN,           NaN,           NaN
 2635,           NaN,           NaN,           NaN,           NaN
 2640,           NaN,           NaN,           NaN,           NaN
 2645,           NaN,           NaN,           NaN,           NaN
 2650,           NaN,           NaN,           NaN,           NaN
 2655,           NaN,           NaN,           NaN,           NaN
 2660,           NaN,           NaN,           NaN,           NaN
 2665,           NaN,           NaN,           NaN,           NaN
 2670,           NaN,           NaN,           NaN,           NaN
 2675,           NaN,           NaN,           NaN,           NaN
 2680,           NaN,           NaN,           NaN,           NaN
 2685,           NaN,           NaN,           NaN,           NaN
 2690,           NaN,           NaN,           NaN,           NaN
 2695,           NaN,           NaN,           NaN,           NaN
 2700,           NaN,           NaN,           NaN,           NaN
 2705,           NaN,           NaN,           NaN,           NaN
 2710,           NaN,           NaN,           NaN,           NaN
 2715,           NaN,           NaN,           NaN,           NaN
 2720,           NaN,           NaN,           NaN,           NaN
 2725,           NaN,           NaN,           NaN,           NaN
 2730,           NaN,           NaN,           NaN,           NaN
 2735,           NaN,           NaN,           NaN,           NaN
 2740,           NaN,           NaN,           NaN,           NaN
 2745,           NaN,           NaN,           NaN,           NaN
 2750,           NaN,           NaN,           NaN,           NaN
 2755,           NaN,           NaN,           NaN,           NaN
 2760,           NaN,           NaN,           NaN,           NaN
 2765,           NaN,           NaN,           NaN,           NaN
 2770,           NaN,           NaN,           NaN,           NaN
 2775,           NaN,           NaN,           NaN,           NaN
 2780,           NaN,           NaN,           NaN,           NaN
 2785,           NaN,           NaN,           NaN,           NaN
 2790,           NaN,           NaN,           NaN,           NaN
 2795,           NaN,           NaN,           NaN,           NaN
 2800,           NaN,           NaN,           NaN,           NaN
 2805,           NaN,           NaN,           NaN,           NaN
 2810,           NaN,           NaN,           NaN,           NaN
 2815,           NaN,           NaN,           NaN,           NaN
 2820,           NaN,           NaN,           NaN,           NaN
 2825,           NaN,           NaN,           NaN,           NaN
 2830,           NaN,           NaN,           NaN,           NaN
 2835,           NaN,           NaN,           NaN,           NaN
 2840,           NaN,           NaN,           NaN,           NaN
 2845,           NaN,           NaN,           NaN,           NaN
 2850,           NaN,           NaN,           NaN,           NaN
 2855,           NaN,           NaN,           NaN,           NaN
 2860,           NaN,           NaN,           NaN,           NaN
 2865,           NaN,           NaN,           NaN,           NaN
 2870,           NaN,           NaN,           NaN,           NaN
 2875,           NaN,           NaN,           NaN,           NaN
 2880,           NaN,           NaN,           NaN,           NaN
 2885,           NaN,           NaN,           NaN,           NaN
 2890,           NaN,           NaN,           NaN,           NaN
 2895,           NaN,           NaN,           NaN,           NaN
 2900,           NaN,           NaN,           NaN,           NaN
 2905,           NaN,           NaN,           NaN,           NaN
 2910,           NaN,           NaN,           NaN,           NaN
 2915,           NaN,           NaN,           NaN,           NaN
 2920,           NaN,           NaN,           NaN,           NaN
 2925,           NaN,           NaN,           NaN,           NaN
 2930,           NaN,           NaN,           NaN,           NaN
 2935,           NaN,           NaN,           NaN,           NaN
 2940,           NaN,           NaN,           NaN,           NaN
 2945,           NaN,           NaN,           NaN,           NaN
 2950,           NaN,           NaN,           NaN,           NaN
 2955,           NaN,           NaN,           NaN,           NaN
 2960,           NaN,           NaN,           NaN,           NaN
 2965,           NaN,           NaN,           NaN,           NaN
 2970,           NaN,           NaN,           NaN,           NaN
 2975,           NaN,           NaN,           NaN,           NaN
 2980,           NaN,           NaN,           NaN,           NaN
 2985,           NaN,           NaN,           NaN,           NaN
 2990,           NaN,           NaN,           NaN,           NaN
 2995,           NaN,           NaN,           NaN,           NaN
 3000,           NaN,           NaN,           NaN,           NaN
